player_id,player_name,team_id,team_abbreviation,team_name,position,jersey,height,weight,birth_date,experience,college
alexani01,Nickeil Alexander-Walker,1610612737,ATL,Atlanta Hawks,SG,7,6-5,205,"September 2, 1998",6,Virginia Tech
daniedy01,Dyson Daniels,1610612737,ATL,Atlanta Hawks,SG,5,6-7,199,"March 17, 2003",3,
gueyemo02,Mouhamed Gueye,1610612737,ATL,Atlanta Hawks,PF,18,6-11,210,"November 9, 2002",2,Washington State
johnsja05,Jalen Johnson,1610612737,ATL,Atlanta Hawks,SF,1,6-8,219,"December 18, 2001",4,Duke
okongon01,Onyeka Okongwu,1610612737,ATL,Atlanta Hawks,C,17,6-10,240,"December 11, 2000",5,USC
risacza01,Zaccharie Risacher,1610612737,ATL,Atlanta Hawks,SF,10,6-8,200,"April 8, 2005",1,
wallake01,Keaton Wallace,1610612737,ATL,Atlanta Hawks,PG,2,6-3,185,"February 26, 1999",1,Texas-San Antonio
newelas01,Asa Newell,1610612737,ATL,Atlanta Hawks,PF,14,6-10,220,"October 5, 2005",R,Georgia
mccolcj01,CJ McCollum,1610612737,ATL,Atlanta Hawks,PG,3,6-3,190,"September 19, 1991",12,Lehigh
kispeco01,Corey Kispert,1610612737,ATL,Atlanta Hawks,SF,24,6-6,224,"March 3, 1999",4,Gonzaga
houstca01,Caleb Houstan,1610612737,ATL,Atlanta Hawks,SF,33,6-8,205,"January 9, 2003",3,Michigan
kolokch01,Christian Koloko,1610612737,ATL,Atlanta Hawks,C,35,6-11,225,"June 20, 2000",2,Arizona
landajo01,Jock Landale,1610612737,ATL,Atlanta Hawks,C,31,6-11,255,"October 25, 1995",4,Saint Mary's
vincega01,Gabe Vincent,1610612737,ATL,Atlanta Hawks,PG,4,6-2,200,"June 14, 1996",6,UC Santa Barbara
hieldbu01,Buddy Hield,1610612737,ATL,Atlanta Hawks,SG,8,6-4,220,"December 17, 1992",9,Oklahoma
dennira01,RayJ Dennis,1610612737,ATL,Atlanta Hawks,PG,0,6-1,180,"March 30, 2001",1,"Boise State, Toledo, Baylor"
djurini01,Nikola Djurisic,1610612737,ATL,Atlanta Hawks,SF,,6-8,214,"February 23, 2004",R,
kuminjo01,Jonathan Kuminga,1610612737,ATL,Atlanta Hawks,PF,,6-7,225,"October 6, 2002",4,
pritcpa01,Payton Pritchard,1610612738,BOS,Boston Celtics,PG,11,6-1,195,"January 28, 1998",5,Oregon
whitede01,Derrick White,1610612738,BOS,Boston Celtics,SG,9,6-4,190,"July 2, 1994",8,"Colorado-Colorado Springs, Colorado"
quetane01,Neemias Queta,1610612738,BOS,Boston Celtics,C,88,7-0,248,"July 13, 1999",4,Utah State University
hausesa01,Sam Hauser,1610612738,BOS,Boston Celtics,PF,30,6-7,217,"December 8, 1997",4,"Marquette, Virginia"
brownja02,Jaylen Brown,1610612738,BOS,Boston Celtics,SF,7,6-6,223,"October 24, 1996",9,California
gonzahu01,Hugo González,1610612738,BOS,Boston Celtics,SF,28,6-6,200,"February 5, 2006",R,
scheiba01,Baylor Scheierman,1610612738,BOS,Boston Celtics,SG,55,6-6,205,"September 26, 2000",1,"South Dakota State, Creighton"
walshjo01,Jordan Walsh,1610612738,BOS,Boston Celtics,PF,27,6-6,205,"March 3, 2004",2,Arkansas
garzalu01,Luka Garza,1610612738,BOS,Boston Celtics,C,52,6-10,243,"December 27, 1998",4,Iowa
william01,Amari Williams,1610612738,BOS,Boston Celtics,PF,77,6-11,250,"January 28, 2002",R,"Drexel, Kentucky"
harpero02,Ron Harper Jr.,1610612738,BOS,Boston Celtics,SF,13,6-5,233,"April 12, 2000",3,Rutgers University
vucevni01,Nikola Vučević,1610612738,BOS,Boston Celtics,C,4,6-9,260,"October 24, 1990",14,USC
shulgma01,Max Shulga,1610612738,BOS,Boston Celtics,SG,44,6-4,210,"June 25, 2002",R,"Utah State University, VCU"
tatumja01,Jayson Tatum,1610612738,BOS,Boston Celtics,PF,,6-8,210,"March 3, 1998",8,Duke
claxtni01,Nic Claxton,1610612751,BRK,Brooklyn Nets,C,33,6-11,215,"April 17, 1999",6,Georgia
sharpda01,Day'Ron Sharpe,1610612751,BRK,Brooklyn Nets,C,20,6-10,265,"November 6, 2001",4,UNC
clownno01,Noah Clowney,1610612751,BRK,Brooklyn Nets,PF,21,6-10,210,"July 14, 2004",2,Alabama
demineg01,Egor Dёmin,1610612751,BRK,Brooklyn Nets,PG,8,6-8,200,"March 3, 2006",R,BYU
mannte01,Terance Mann,1610612751,BRK,Brooklyn Nets,SG,14,6-6,215,"October 18, 1996",6,Florida State
portemi01,Michael Porter Jr.,1610612751,BRK,Brooklyn Nets,SF,17,6-10,218,"June 29, 1998",6,Missouri
poweldr01,Drake Powell,1610612751,BRK,Brooklyn Nets,SG,4,6-5,195,"September 8, 2005",R,UNC
wolfda01,Danny Wolf,1610612751,BRK,Brooklyn Nets,PF,2,6-11,250,"May 5, 2004",R,"Yale, Michigan"
willizi02,Ziaire Williams,1610612751,BRK,Brooklyn Nets,SF,1,6-9,185,"September 12, 2001",4,Stanford
wilsoja03,Jalen Wilson,1610612751,BRK,Brooklyn Nets,PF,22,6-6,220,"November 4, 2000",2,Kansas
traorno01,Nolan Traoré,1610612751,BRK,Brooklyn Nets,PG,88,6-3,185,"May 28, 2006",R,
sarafbe01,Ben Saraf,1610612751,BRK,Brooklyn Nets,SG,77,6-6,200,"April 14, 2006",R,
liddeej01,E.J. Liddell,1610612751,BRK,Brooklyn Nets,PF,9,6-6,240,"December 18, 2000",2,Ohio State
etienty01,Tyson Etienne,1610612751,BRK,Brooklyn Nets,PG,10,6-0,200,"September 17, 1999",1,Wichita State
johnsch06,Chaney Johnson,1610612751,BRK,Brooklyn Nets,SF,,6-7,220,"June 20, 2002",R,Auburn
minotjo01,Josh Minott,1610612751,BRK,Brooklyn Nets,SF,,6-8,205,"November 25, 2002",3,Memphis
agbajoc01,Ochai Agbaji,1610612751,BRK,Brooklyn Nets,SG,,6-5,215,"April 20, 2000",3,Kansas
jamessi01,Sion James,1610612766,CHO,Charlotte Hornets,SG,4,6-5,220,"December 4, 2002",R,"Tulane, Duke"
knuepko01,Kon Knueppel,1610612766,CHO,Charlotte Hornets,SF,7,6-6,215,"August 3, 2005",R,Duke
bridgmi02,Miles Bridges,1610612766,CHO,Charlotte Hornets,PF,0,6-7,225,"March 21, 1998",6,Michigan State
diabamo01,Moussa Diabaté,1610612766,CHO,Charlotte Hornets,C,14,6-10,210,"January 21, 2002",3,Michigan
ballla01,LaMelo Ball,1610612766,CHO,Charlotte Hornets,PG,1,6-7,180,"August 22, 2001",5,
kalkbry01,Ryan Kalkbrenner,1610612766,CHO,Charlotte Hornets,C,11,7-1,256,"January 17, 2002",R,Creighton
millebr02,Brandon Miller,1610612766,CHO,Charlotte Hornets,SF,24,6-7,200,"November 22, 2002",2,Alabama
manntr01,Tre Mann,1610612766,CHO,Charlotte Hornets,PG,23,6-4,178,"February 3, 2001",4,Florida
salauti01,Tidjane Salaün,1610612766,CHO,Charlotte Hornets,PF,31,6-10,207,"August 10, 2005",1,
greenjo02,Josh Green,1610612766,CHO,Charlotte Hornets,SG,10,6-6,200,"November 16, 2000",5,Arizona
mcneeli01,Liam McNeeley,1610612766,CHO,Charlotte Hornets,SF,33,6-7,210,"October 10, 2005",R,UConn
connapa01,Pat Connaughton,1610612766,CHO,Charlotte Hornets,SG,21,6-5,209,"January 6, 1993",10,Notre Dame
willigr01,Grant Williams,1610612766,CHO,Charlotte Hornets,PF,2,6-7,236,"November 30, 1998",6,Tennessee
hallpj01,PJ Hall,1610612766,CHO,Charlotte Hornets,C,16,6-8,245,"February 21, 2002",1,Clemson
reevean01,Antonio Reeves,1610612766,CHO,Charlotte Hornets,SG,12,6-5,205,"November 20, 2000",1,"Illinois State, Kentucky"
tillmxa01,Xavier Tillman Sr.,1610612766,CHO,Charlotte Hornets,C,,6-8,245,"January 12, 1999",5,Michigan State
whiteco01,Coby White,1610612766,CHO,Charlotte Hornets,SG,,6-4,195,"February 16, 2000",6,UNC
evbuoto01,Tosan Evbuomwan,1610612766,CHO,Charlotte Hornets,SF,,6-8,217,"February 16, 2001",2,Princeton
buzelma01,Matas Buzelis,1610612741,CHI,Chicago Bulls,PF,14,6-8,209,"October 13, 2004",1,
willipa01,Patrick Williams,1610612741,CHI,Chicago Bulls,PF,44,6-6,215,"August 26, 2001",5,Florida State
okorois01,Isaac Okoro,1610612741,CHI,Chicago Bulls,SG,35,6-4,225,"January 26, 2001",5,Auburn
smithja04,Jalen Smith,1610612741,CHI,Chicago Bulls,C,25,6-8,215,"March 16, 2000",5,Maryland
jonestr01,Tre Jones,1610612741,CHI,Chicago Bulls,PG,30,6-1,185,"January 8, 2000",5,Duke
giddejo01,Josh Giddey,1610612741,CHI,Chicago Bulls,PG,3,6-7,216,"October 10, 2002",4,
olbrila01,Lachlan Olbrich,1610612741,CHI,Chicago Bulls,C,47,6-8,236,"December 30, 2003",R,"University of California, Riverside"
colliza01,Zach Collins,1610612741,CHI,Chicago Bulls,C,12,6-9,250,"November 19, 1997",7,Gonzaga
kawamyu01,Yuki Kawamura,1610612741,CHI,Chicago Bulls,PG,8,5-7,159,"May 2, 2001",1,
simonan01,Anfernee Simons,1610612741,CHI,Chicago Bulls,SG,"2, 22",6-3,200,"June 8, 1999",7,
iveyja01,Jaden Ivey,1610612741,CHI,Chicago Bulls,SG,31,6-3,195,"February 13, 2002",3,Purdue
yabusgu01,Guerschon Yabusele,1610612741,CHI,Chicago Bulls,C,28,6-7,265,"December 17, 1995",3,
sextoco01,Collin Sexton,1610612741,CHI,Chicago Bulls,SG,2,6-3,190,"January 4, 1999",7,Alabama
richani01,Nick Richards,1610612741,CHI,Chicago Bulls,C,13,6-11,245,"November 29, 1997",5,Kentucky
dilliro01,Rob Dillingham,1610612741,CHI,Chicago Bulls,PG,7,6-2,175,"January 4, 2005",1,Kentucky
essenno01,Noa Essengue,1610612741,CHI,Chicago Bulls,PF,24,6-8,200,"December 18, 2006",R,
mccluma01,Mac McClung,1610612741,CHI,Chicago Bulls,SG,5,6-2,185,"January 6, 1999",3,"Georgetown, Texas Tech"
millele01,Leonard Miller,1610612741,CHI,Chicago Bulls,SF,11,6-10,220,"November 26, 2003",2,
mitchdo01,Donovan Mitchell,1610612739,CLE,Cleveland Cavaliers,SG,45,6-2,215,"September 7, 1996",8,Louisville
tysonja01,Jaylon Tyson,1610612739,CLE,Cleveland Cavaliers,SG,20,6-6,215,"December 2, 2002",1,"Texas, Texas Tech, California"
portecr01,Craig Porter Jr.,1610612739,CLE,Cleveland Cavaliers,PG,9,6-1,180,"February 26, 2000",2,"Vincennes University, Wichita State"
tomlina01,Nae'Qwan Tomlin,1610612739,CLE,Cleveland Cavaliers,PF,35,6-8,210,"December 10, 2000",1,"Monroe Community College, Chipola College, Kansas State, Memphis"
wadede01,Dean Wade,1610612739,CLE,Cleveland Cavaliers,PF,32,6-9,228,"November 20, 1996",6,Kansas State
mobleev01,Evan Mobley,1610612739,CLE,Cleveland Cavaliers,PF,4,6-11,215,"June 18, 2001",4,USC
allenja01,Jarrett Allen,1610612739,CLE,Cleveland Cavaliers,C,31,6-9,243,"April 21, 1998",8,Texas
bryanth01,Thomas Bryant,1610612739,CLE,Cleveland Cavaliers,C,3,6-9,248,"July 31, 1997",8,Indiana
proctty01,Tyrese Proctor,1610612739,CLE,Cleveland Cavaliers,PG,24,6-4,185,"April 1, 2004",R,Duke
merrisa01,Sam Merrill,1610612739,CLE,Cleveland Cavaliers,SG,5,6-4,205,"May 15, 1996",5,Utah State University
nancela02,Larry Nance Jr.,1610612739,CLE,Cleveland Cavaliers,PF,22,6-6,245,"January 1, 1993",10,Wyoming
schrode01,Dennis Schröder,1610612739,CLE,Cleveland Cavaliers,PG,8,6-1,175,"September 15, 1993",12,
elliske01,Keon Ellis,1610612739,CLE,Cleveland Cavaliers,SG,14,6-4,175,"January 8, 2000",3,"Florida SouthWestern State College, Alabama"
hardeja01,James Harden,1610612739,CLE,Cleveland Cavaliers,PG,1,6-5,220,"August 26, 1989",16,Arizona State
enarutr01,Tristan Enaruna,1610612739,CLE,Cleveland Cavaliers,SF,21,6-7,220,"June 26, 2001",R,"Kansas, Iowa State, Cleveland State University"
okekech01,Chuma Okeke,1610612739,CLE,Cleveland Cavaliers,F,,6-7,229,"August 18, 1998",5,Auburn
milleem01,Emanuel Miller,1610612739,CLE,Cleveland Cavaliers,PF,,6-5,215,"June 19, 2000",1,"Texas A&M, TCU"
strusma01,Max Strus,1610612739,CLE,Cleveland Cavaliers,SF,,6-5,215,"March 28, 1996",6,"Lewis (IL), DePaul"
marshna01,Naji Marshall,1610612742,DAL,Dallas Mavericks,SF,13,6-6,220,"January 24, 1998",5,Xavier
flaggco01,Cooper Flagg,1610612742,DAL,Dallas Mavericks,SF,32,6-9,205,"December 21, 2006",R,Duke
chrisma02,Max Christie,1610612742,DAL,Dallas Mavericks,SG,00,6-5,190,"February 10, 2003",3,Michigan State
thompkl01,Klay Thompson,1610612742,DAL,Dallas Mavericks,SF,31,6-5,220,"February 8, 1990",12,Washington State
martica02,Caleb Martin,1610612742,DAL,Dallas Mavericks,SF,16,6-5,205,"September 28, 1995",6,"NC State, Nevada"
willibr03,Brandon Williams,1610612742,DAL,Dallas Mavericks,PG,10,6-1,190,"November 22, 1999",3,Arizona
poweldw01,Dwight Powell,1610612742,DAL,Dallas Mavericks,C,7,6-10,240,"July 20, 1991",11,Stanford
washipj01,P.J. Washington,1610612742,DAL,Dallas Mavericks,PF,25,6-7,230,"August 23, 1998",6,Kentucky
nembhry01,Ryan Nembhard,1610612742,DAL,Dallas Mavericks,PG,9,5-11,180,"March 10, 2003",R,"Creighton, Gonzaga"
gaffoda01,Daniel Gafford,1610612742,DAL,Dallas Mavericks,C,21,6-10,265,"October 1, 1998",6,Arkansas
cissemo01,Moussa Cisse,1610612742,DAL,Dallas Mavericks,C,30,6-11,220,"September 10, 2002",R,"Oklahoma State, Ole Miss, Memphis"
kellymi02,Miles Kelly,1610612742,DAL,Dallas Mavericks,PG,14,6-4,190,"January 26, 2003",R,"Georgia Tech, Auburn"
livelde01,Dereck Lively II,1610612742,DAL,Dallas Mavericks,C,2,7-1,230,"February 12, 2004",2,Duke
baglema01,Marvin Bagley III,1610612742,DAL,Dallas Mavericks,PF,35,6-10,235,"March 14, 1999",7,Duke
jonesty01,Tyus Jones,1610612742,DAL,Dallas Mavericks,PG,1,6-0,196,"May 10, 1996",10,Duke
johnsaj01,AJ Johnson,1610612742,DAL,Dallas Mavericks,SG,8,6-5,160,"December 1, 2004",1,
middlkh01,Khris Middleton,1610612742,DAL,Dallas Mavericks,SF,20,6-7,222,"August 12, 1991",13,Texas A&M
irvinky01,Kyrie Irving,1610612742,DAL,Dallas Mavericks,SG,,6-2,195,"March 23, 1992",14,Duke
brownbr01,Bruce Brown,1610612743,DEN,Denver Nuggets,SG,11,6-4,202,"August 15, 1996",7,Miami (FL)
hardati02,Tim Hardaway Jr.,1610612743,DEN,Denver Nuggets,SG,10,6-5,205,"March 16, 1992",12,Michigan
murraja01,Jamal Murray,1610612743,DEN,Denver Nuggets,PG,27,6-4,215,"February 23, 1997",8,Kentucky
watsope01,Peyton Watson,1610612743,DEN,Denver Nuggets,SF,8,6-8,200,"September 11, 2002",3,UCLA
jonessp01,Spencer Jones,1610612743,DEN,Denver Nuggets,SF,21,6-7,225,"June 14, 2001",1,Stanford
valanjo01,Jonas Valančiūnas,1610612743,DEN,Denver Nuggets,C,17,6-11,265,"May 6, 1992",13,
nnajize01,Zeke Nnaji,1610612743,DEN,Denver Nuggets,PF,22,6-10,240,"January 9, 2001",5,Arizona
jokicni01,Nikola Jokić,1610612743,DEN,Denver Nuggets,C,15,6-11,284,"February 19, 1995",10,
pickeja02,Jalen Pickett,1610612743,DEN,Denver Nuggets,SG,24,6-2,202,"October 22, 1999",2,"Siena College, Penn State"
strawju01,Julian Strawther,1610612743,DEN,Denver Nuggets,SG,3,6-6,205,"April 18, 2002",2,Gonzaga
johnsca02,Cameron Johnson,1610612743,DEN,Denver Nuggets,SF,23,6-8,210,"March 3, 1996",6,"Pitt, UNC"
gordoaa01,Aaron Gordon,1610612743,DEN,Denver Nuggets,PF,32,6-8,235,"September 16, 1995",11,Arizona
braunch01,Christian Braun,1610612743,DEN,Denver Nuggets,SG,0,6-6,220,"April 17, 2001",3,Kansas
holmeda01,DaRon Holmes,1610612743,DEN,Denver Nuggets,PF,14,6-9,225,"August 15, 2002",R,Dayton
jonescu01,Curtis Jones,1610612743,DEN,Denver Nuggets,SG,1,6-3,195,"December 4, 2001",R,"Indian Hills Community College, Buffalo, Iowa State"
batesta01,Tamar Bates,1610612743,DEN,Denver Nuggets,SG,,6-4,195,"February 21, 2003",R,"Indiana, Missouri"
greenja02,Javonte Green,1610612765,DET,Detroit Pistons,SG,31,6-5,205,"July 23, 1993",6,Radford
robindu01,Duncan Robinson,1610612765,DET,Detroit Pistons,SF,55,6-7,215,"April 22, 1994",7,"Williams, Michigan"
hollaro01,Ron Holland,1610612765,DET,Detroit Pistons,SF,5,6-8,206,"July 7, 2005",1,
thompau01,Ausar Thompson,1610612765,DET,Detroit Pistons,SF,9,6-7,205,"January 30, 2003",2,
stewais01,Isaiah Stewart,1610612765,DET,Detroit Pistons,C,28,6-8,250,"May 22, 2001",5,Washington
cunnica01,Cade Cunningham,1610612765,DET,Detroit Pistons,PG,2,6-6,220,"September 25, 2001",4,Oklahoma State
durenja01,Jalen Duren,1610612765,DET,Detroit Pistons,C,0,6-10,250,"November 18, 2003",3,Memphis
jenkida01,Daniss Jenkins,1610612765,DET,Detroit Pistons,PG,24,6-4,165,"August 17, 2001",1,"University of the Pacific, Odessa College, Iona College, St. John's"
reedpa01,Paul Reed,1610612765,DET,Detroit Pistons,C,7,6-9,210,"June 14, 1999",5,DePaul
harrito02,Tobias Harris,1610612765,DET,Detroit Pistons,PF,12,6-8,226,"July 15, 1992",14,Tennessee
leverca01,Caris LeVert,1610612765,DET,Detroit Pistons,SG,8,6-7,205,"August 25, 1994",9,Michigan
laniech01,Chaz Lanier,1610612765,DET,Detroit Pistons,SG,20,6-3,206,"December 19, 2001",R,"University of North Florida, Tennessee"
sassema01,Marcus Sasser,1610612765,DET,Detroit Pistons,PG,25,6-1,195,"September 21, 2000",2,Houston
klintbo01,Bobi Klintman,1610612765,DET,Detroit Pistons,SF,34,6-9,225,"March 6, 2003",1,Wake Forest
smithto05,Tolu Smith,1610612765,DET,Detroit Pistons,PF,35,6-11,254,"July 26, 2000",1,"Western Kentucky, Mississippi State"
moorewe01,Wendell Moore Jr.,1610612765,DET,Detroit Pistons,SG,14,6-5,215,"September 18, 2001",3,Duke
huertke01,Kevin Huerter,1610612765,DET,Detroit Pistons,SG,27,6-6,198,"August 27, 1998",7,Maryland
podzibr01,Brandin Podziemski,1610612744,GSW,Golden State Warriors,SG,2,6-4,205,"February 25, 2003",2,"Illinois, Santa Clara"
postqu01,Quinten Post,1610612744,GSW,Golden State Warriors,PF,21,7-0,238,"March 21, 2000",1,"Mississippi State, Boston College"
moodymo01,Moses Moody,1610612744,GSW,Golden State Warriors,SG,4,6-5,211,"May 31, 2002",4,Arkansas
richawi02,Will Richard,1610612744,GSW,Golden State Warriors,SG,3,6-3,206,"December 24, 2002",R,"Belmont, Florida"
paytoga02,Gary Payton II,1610612744,GSW,Golden State Warriors,SG,0,6-2,195,"December 1, 1992",9,Oregon State
greendr01,Draymond Green,1610612744,GSW,Golden State Warriors,PF,23,6-6,230,"March 4, 1990",13,Michigan State
santogu01,Gui Santos,1610612744,GSW,Golden State Warriors,PF,15,6-7,185,"June 22, 2002",2,
curryst01,Stephen Curry,1610612744,GSW,Golden State Warriors,PG,30,6-2,185,"March 14, 1988",16,Davidson
butleji01,Jimmy Butler,1610612744,GSW,Golden State Warriors,SF,10,6-6,230,"September 14, 1989",14,"Tyler Junior College, Marquette"
spencpa01,Pat Spencer,1610612744,GSW,Golden State Warriors,PG,61,6-2,205,"July 4, 1996",2,"Loyola (MD), Northwestern"
horfoal01,Al Horford,1610612744,GSW,Golden State Warriors,C,20,6-8,240,"June 3, 1986",18,Florida
meltode01,De'Anthony Melton,1610612744,GSW,Golden State Warriors,PG,8,6-2,200,"May 28, 1998",7,USC
leonsma01,Malevy Leons,1610612744,GSW,Golden State Warriors,SF,33,6-9,210,"September 23, 1999",1,"Mineral Area College, Bradley"
cryerlj01,LJ Cryer,1610612744,GSW,Golden State Warriors,PG,18,6-1,202,"October 9, 2001",R,"Baylor, Houston"
curryse01,Seth Curry,1610612744,GSW,Golden State Warriors,SG,31,6-1,185,"August 23, 1990",11,"Liberty, Duke"
porzikr01,Kristaps Porziņģis,1610612744,GSW,Golden State Warriors,C,,7-2,240,"August 2, 1995",9,
sheppre01,Reed Sheppard,1610612745,HOU,Houston Rockets,SG,15,6-2,185,"June 24, 2004",1,Kentucky
thompam01,Amen Thompson,1610612745,HOU,Houston Rockets,PG,1,6-7,200,"January 30, 2003",2,
smithja05,Jabari Smith Jr.,1610612745,HOU,Houston Rockets,PF,10,6-11,220,"May 13, 2003",3,Auburn
okogijo01,Josh Okogie,1610612745,HOU,Houston Rockets,SG,20,6-4,213,"September 1, 1998",7,Georgia Tech
duranke01,Kevin Durant,1610612745,HOU,Houston Rockets,SF,7,6-11,240,"September 29, 1988",17,Texas
capelca01,Clint Capela,1610612745,HOU,Houston Rockets,C,30,6-10,256,"May 18, 1994",11,
sengual01,Alperen Şengün,1610612745,HOU,Houston Rockets,C,28,6-11,243,"July 25, 2002",4,
holidaa01,Aaron Holiday,1610612745,HOU,Houston Rockets,PG,0,6-0,185,"September 30, 1996",7,UCLA
adamsst01,Steven Adams,1610612745,HOU,Houston Rockets,C,12,6-11,265,"July 20, 1993",11,Pitt
tateja01,Jae'Sean Tate,1610612745,HOU,Houston Rockets,SF,8,6-4,230,"October 28, 1995",5,Ohio State
easonta01,Tari Eason,1610612745,HOU,Houston Rockets,PF,17,6-8,215,"May 10, 2001",3,"Cincinnati, LSU"
davisjd01,JD Davison,1610612745,HOU,Houston Rockets,PG,4,6-1,195,"October 3, 2002",3,Alabama
finnedo01,Dorian Finney-Smith,1610612745,HOU,Houston Rockets,PF,2,6-7,220,"May 4, 1993",9,Florida
greenje02,Jeff Green,1610612745,HOU,Houston Rockets,PF,32,6-8,235,"August 28, 1986",17,Georgetown
crawfis01,Isaiah Crawford,1610612745,HOU,Houston Rockets,SF,27,6-6,220,"November 1, 2001",1,Louisiana Tech
vanvlfr01,Fred VanVleet,1610612745,HOU,Houston Rockets,PG,,6-0,197,"February 25, 1994",9,Wichita State
newtotr01,Tristen Newton,1610612745,HOU,Houston Rockets,SG,,6-5,190,"April 26, 2001",1,"East Carolina University, UConn"
huffja01,Jay Huff,1610612754,IND,Indiana Pacers,C,32,7-1,240,"August 25, 1998",4,Virginia
walkeja02,Jarace Walker,1610612754,IND,Indiana Pacers,PF,5,6-7,235,"September 4, 2003",2,Houston
siakapa01,Pascal Siakam,1610612754,IND,Indiana Pacers,PF,43,6-8,245,"April 2, 1994",9,New Mexico State
nembhan01,Andrew Nembhard,1610612754,IND,Indiana Pacers,PG,2,6-4,191,"January 16, 2000",3,"Florida, Gonzaga"
sheppbe01,Ben Sheppard,1610612754,IND,Indiana Pacers,SG,26,6-6,190,"July 16, 2001",2,Belmont
mccontj01,T.J. McConnell,1610612754,IND,Indiana Pacers,PG,9,6-1,190,"March 25, 1992",10,"Duquesne, Arizona"
furphjo01,Johnny Furphy,1610612754,IND,Indiana Pacers,SG,12,6-8,200,"December 8, 2004",1,Kansas
nesmiaa01,Aaron Nesmith,1610612754,IND,Indiana Pacers,SF,23,6-5,215,"October 16, 1999",5,Vanderbilt
jacksqu01,Quenton Jackson,1610612754,IND,Indiana Pacers,PG,29,6-4,173,"September 15, 1998",3,Texas A&M
peterta01,Taelon Peter,1610612754,IND,Indiana Pacers,SG,4,6-3,185,"February 27, 2002",R,"Tennessee Technological University, Arkansas Tech University, Liberty"
pottemi01,Micah Potter,1610612754,IND,Indiana Pacers,C,11,6-9,248,"April 6, 1998",4,"Ohio State, Wisconsin"
thompet01,Ethan Thompson,1610612754,IND,Indiana Pacers,SG,55,6-4,195,"May 4, 1999",R,Oregon State
joneska03,Kam Jones,1610612754,IND,Indiana Pacers,SG,7,6-4,200,"February 25, 2002",R,Marquette
toppiob01,Obi Toppin,1610612754,IND,Indiana Pacers,PF,1,6-9,220,"March 4, 1998",5,Dayton
brownko01,Kobe Brown,1610612754,IND,Indiana Pacers,PF,24,6-7,250,"January 1, 2000",2,Missouri
zubaciv01,Ivica Zubac,1610612754,IND,Indiana Pacers,C,,7-0,240,"March 18, 1997",9,
halibty01,Tyrese Haliburton,1610612754,IND,Indiana Pacers,PG,,6-5,185,"February 29, 2000",5,Iowa State
dunnkr01,Kris Dunn,1610612746,LAC,LA Clippers,PG,8,6-3,205,"March 18, 1994",9,Providence
batumni01,Nicolas Batum,1610612746,LAC,LA Clippers,PF,33,6-7,230,"December 14, 1988",17,
collijo01,John Collins,1610612746,LAC,LA Clippers,PF,20,6-9,226,"September 23, 1997",8,Wake Forest
lopezbr01,Brook Lopez,1610612746,LAC,LA Clippers,C,11,7-1,282,"April 1, 1988",17,Stanford
sandeko01,Kobe Sanders,1610612746,LAC,LA Clippers,SG,4,6-8,207,"May 30, 2002",R,"Cal Poly, Nevada"
leonaka01,Kawhi Leonard,1610612746,LAC,LA Clippers,SF,2,6-6,225,"June 29, 1991",13,San Diego State
chrisca02,Cam Christie,1610612746,LAC,LA Clippers,SG,12,6-5,190,"July 24, 2005",1,Minnesota
konanya01,Yanic Konan Niederhäuser,1610612746,LAC,LA Clippers,C,14,6-11,242,"March 14, 2003",R,"Northern Illinois, Penn State"
millejo02,Jordan Miller,1610612746,LAC,LA Clippers,SF,22,6-5,194,"January 23, 2000",2,"George Mason, Miami (FL)"
jonesde02,Derrick Jones Jr.,1610612746,LAC,LA Clippers,SF,5,6-6,210,"February 15, 1997",9,UNLV
bogdabo01,Bogdan Bogdanović,1610612746,LAC,LA Clippers,SG,10,6-5,225,"August 18, 1992",8,
bealbr01,Bradley Beal,1610612746,LAC,LA Clippers,SG,0,6-4,207,"June 28, 1993",13,Florida
washity02,TyTy Washington Jr.,1610612746,LAC,LA Clippers,PG,15,6-3,195,"November 15, 2001",3,Kentucky
bantoda01,Dalano Banton,1610612746,LAC,LA Clippers,PG,45,6-8,203,"November 7, 1999",4,Nebraska
mathube01,Bennedict Mathurin,1610612746,LAC,LA Clippers,SF,9,6-5,210,"June 19, 2002",3,Arizona
jacksis01,Isaiah Jackson,1610612746,LAC,LA Clippers,C,23,6-8,205,"January 10, 2002",4,Kentucky
garlada01,Darius Garland,1610612746,LAC,LA Clippers,PG,,6-1,192,"January 26, 2000",6,Vanderbilt
laravja01,Jake LaRavia,1610612747,LAL,Los Angeles Lakers,PF,12,6-7,235,"November 3, 2001",3,"Indiana State University, Wake Forest"
aytonde01,Deandre Ayton,1610612747,LAL,Los Angeles Lakers,C,5,7-0,252,"July 23, 1998",7,Arizona
hayesja02,Jaxson Hayes,1610612747,LAL,Los Angeles Lakers,C,11,7-0,220,"May 23, 2000",6,Texas
vandeja01,Jarred Vanderbilt,1610612747,LAL,Los Angeles Lakers,PF,2,6-8,214,"April 3, 1999",7,Kentucky
hachiru01,Rui Hachimura,1610612747,LAL,Los Angeles Lakers,PF,28,6-8,230,"February 8, 1998",6,Gonzaga
smartma01,Marcus Smart,1610612747,LAL,Los Angeles Lakers,SG,36,6-3,220,"March 6, 1994",11,Oklahoma State
doncilu01,Luka Dončić,1610612747,LAL,Los Angeles Lakers,PG,77,6-8,230,"February 28, 1999",7,
knechda01,Dalton Knecht,1610612747,LAL,Los Angeles Lakers,SF,4,6-6,215,"April 19, 2001",1,"Northeastern Junior College, University of Northern Colorado, Tennessee"
jamesle01,LeBron James,1610612747,LAL,Los Angeles Lakers,SF,23,6-9,250,"December 30, 1984",22,
jamesbr02,Bronny James,1610612747,LAL,Los Angeles Lakers,SG,9,6-2,210,"October 6, 2004",1,USC
klebima01,Maxi Kleber,1610612747,LAL,Los Angeles Lakers,PF,14,6-10,240,"January 29, 1992",8,
reaveau01,Austin Reaves,1610612747,LAL,Los Angeles Lakers,SG,15,6-5,197,"May 29, 1998",4,"Wichita State, Oklahoma"
smithni01,Nick Smith Jr.,1610612747,LAL,Los Angeles Lakers,SG,20,6-2,185,"April 18, 2004",2,Arkansas
timmedr01,Drew Timme,1610612747,LAL,Los Angeles Lakers,PF,17,6-9,235,"September 9, 2000",1,Gonzaga
thierad01,Adou Thiero,1610612747,LAL,Los Angeles Lakers,SF,1,6-7,220,"May 8, 2004",R,"Kentucky, Arkansas"
bufkiko01,Kobe Bufkin,1610612747,LAL,Los Angeles Lakers,SG,18,6-4,195,"September 21, 2003",2,Michigan
manonch01,Chris Mañon,1610612747,LAL,Los Angeles Lakers,SG,30,6-4,209,"December 9, 2001",R,"Cornell, Vanderbilt"
kennalu01,Luke Kennard,1610612747,LAL,Los Angeles Lakers,SG,10,6-5,206,"June 24, 1996",8,Duke
wellsja01,Jaylen Wells,1610612763,MEM,Memphis Grizzlies,SG,0,6-7,206,"August 26, 2003",1,"Sonoma State University, Washington State"
spencca01,Cam Spencer,1610612763,MEM,Memphis Grizzlies,SG,24,6-3,205,"April 6, 2000",1,"Loyola (MD), Rutgers University, UConn"
caldwke01,Kentavious Caldwell-Pope,1610612763,MEM,Memphis Grizzlies,SG,3,6-5,204,"February 18, 1993",12,Georgia
cowarce01,Cedric Coward,1610612763,MEM,Memphis Grizzlies,SG,23,6-5,206,"September 11, 2003",R,"Willamette University, Eastern Washington, Washington State"
aldamsa01,Santi Aldama,1610612763,MEM,Memphis Grizzlies,PF,7,7-0,215,"January 10, 2001",4,Loyola (MD)
jacksgg01,GG Jackson II,1610612763,MEM,Memphis Grizzlies,PF,45,6-9,210,"December 17, 2004",2,South Carolina
prospol01,Olivier-Maxence Prosper,1610612763,MEM,Memphis Grizzlies,PF,18,6-7,230,"July 3, 2002",2,"Clemson, Marquette"
moranja01,Ja Morant,1610612763,MEM,Memphis Grizzlies,PG,12,6-2,174,"August 10, 1999",6,Murray State
smallja01,Javon Small,1610612763,MEM,Memphis Grizzlies,PG,10,6-1,190,"December 19, 2002",R,"East Carolina University, Oklahoma State, West Virginia"
edeyza01,Zach Edey,1610612763,MEM,Memphis Grizzlies,C,14,7-3,305,"May 14, 2002",1,Purdue
mashaja01,Jahmai Mashack,1610612763,MEM,Memphis Grizzlies,SG,21,6-4,203,"November 10, 2002",R,Tennessee
jeromty01,Ty Jerome,1610612763,MEM,Memphis Grizzlies,SG,2,6-5,195,"July 8, 1997",6,Virginia
hendrta01,Taylor Hendricks,1610612763,MEM,Memphis Grizzlies,PF,22,6-9,215,"November 22, 2003",2,Central Florida
pippesc02,Scotty Pippen Jr.,1610612763,MEM,Memphis Grizzlies,PG,1,6-2,170,"November 10, 2000",3,Vanderbilt
claytwa01,Walter Clayton,1610612763,MEM,Memphis Grizzlies,PG,4,6-4,195,"March 6, 2003",R,"Iona College, Florida"
anderky01,Kyle Anderson,1610612763,MEM,Memphis Grizzlies,SF,5,6-8,230,"September 20, 1993",11,UCLA
clarkbr01,Brandon Clarke,1610612763,MEM,Memphis Grizzlies,PF,15,6-8,215,"September 19, 1996",6,"San Jose State, Gonzaga"
loverla01,Lawson Lovering,1610612763,MEM,Memphis Grizzlies,C,,7-0,245,"May 9, 2003",R,"Colorado, Utah"
smithdr01,Dru Smith,1610612748,MIA,Miami Heat,SG,12,6-2,203,"December 30, 1997",3,"University of Evansville, Missouri"
fontesi01,Simone Fontecchio,1610612748,MIA,Miami Heat,SF,0,6-7,209,"December 9, 1995",3,
wareke01,Kel'el Ware,1610612748,MIA,Miami Heat,C,7,7-0,230,"April 20, 2004",1,"Oregon, Indiana"
wiggian01,Andrew Wiggins,1610612748,MIA,Miami Heat,SF,22,6-6,197,"February 23, 1995",11,Kansas
jaqueja01,Jaime Jaquez Jr.,1610612748,MIA,Miami Heat,SF,11,6-6,225,"February 18, 2001",2,UCLA
adebaba01,Bam Adebayo,1610612748,MIA,Miami Heat,C,13,6-9,255,"July 18, 1997",8,Kentucky
powelno01,Norman Powell,1610612748,MIA,Miami Heat,SG,24,6-3,215,"May 25, 1993",10,UCLA
larsspe01,Pelle Larsson,1610612748,MIA,Miami Heat,SG,9,6-5,215,"February 23, 2001",1,"Utah, Arizona"
mitchda01,Davion Mitchell,1610612748,MIA,Miami Heat,PG,45,6-0,202,"September 5, 1998",4,"Auburn, Baylor"
jovicni01,Nikola Jović,1610612748,MIA,Miami Heat,PF,5,6-10,205,"June 9, 2003",3,
jakucka01,Kasparas Jakučionis,1610612748,MIA,Miami Heat,PG,25,6-5,200,"May 29, 2006",R,Illinois
gardnmy01,Myron Gardner,1610612748,MIA,Miami Heat,SF,15,6-5,220,"May 21, 2001",R,"South Plains College, Georgetown, Little Rock"
johnske10,Keshad Johnson,1610612748,MIA,Miami Heat,SF,16,6-6,225,"June 23, 2001",1,"San Diego State, Arizona"
herroty01,Tyler Herro,1610612748,MIA,Miami Heat,SG,14,6-5,195,"January 20, 2000",6,Kentucky
youngja05,Jahmir Young,1610612748,MIA,Miami Heat,PG,17,6-0,185,"October 7, 2000",1,"UNC Charlotte, Maryland"
goldivl01,Vladislav Goldin,1610612748,MIA,Miami Heat,C,50,7-0,250,"May 12, 2001",R,"Texas Tech, Florida Atlantic University, Michigan"
roziete01,Terry Rozier,1610612748,MIA,Miami Heat,PG,,6-1,190,"March 17, 1994",10,Louisville
rolliry01,Ryan Rollins,1610612749,MIL,Milwaukee Bucks,PG,13,6-3,180,"July 3, 2002",3,Toledo
portibo01,Bobby Portis,1610612749,MIL,Milwaukee Bucks,PF,9,6-9,250,"February 10, 1995",10,Arkansas
turnemy01,Myles Turner,1610612749,MIL,Milwaukee Bucks,C,3,6-11,250,"March 24, 1996",10,Texas
kuzmaky01,Kyle Kuzma,1610612749,MIL,Milwaukee Bucks,PF,18,6-8,221,"July 24, 1995",8,Utah
greenaj01,A.J. Green,1610612749,MIL,Milwaukee Bucks,SG,20,6-4,190,"September 27, 1999",3,University of Northern Iowa
trentga02,Gary Trent Jr.,1610612749,MIL,Milwaukee Bucks,SG,5,6-5,204,"January 18, 1999",7,Duke
simsje01,Jericho Sims,1610612749,MIL,Milwaukee Bucks,C,00,6-10,250,"October 20, 1998",4,Texas
harriga01,Gary Harris,1610612749,MIL,Milwaukee Bucks,SG,11,6-4,210,"September 14, 1994",11,Michigan State
antetgi01,Giannis Antetokounmpo,1610612749,MIL,Milwaukee Bucks,PF,34,6-11,243,"December 6, 1994",12,
porteke02,Kevin Porter Jr.,1610612749,MIL,Milwaukee Bucks,PG,7,6-5,203,"May 4, 2000",5,USC
jacksan01,Andre Jackson Jr.,1610612749,MIL,Milwaukee Bucks,SG,44,6-6,209,"November 13, 2001",2,UConn
nancepe01,Pete Nance,1610612749,MIL,Milwaukee Bucks,PF,35,6-9,225,"February 19, 2000",2,"Northwestern, UNC"
antetth01,Thanasis Antetokounmpo,1610612749,MIL,Milwaukee Bucks,SF,43,6-7,219,"July 18, 1992",6,
princta02,Taurean Prince,1610612749,MIL,Milwaukee Bucks,SF,12,6-6,218,"March 22, 1994",9,Baylor
thomaca02,Cam Thomas,1610612749,MIL,Milwaukee Bucks,SG,24,6-3,210,"October 13, 2001",4,LSU
diengou01,Ousmane Dieng,1610612749,MIL,Milwaukee Bucks,C,21,6-9,185,"May 21, 2003",3,
antetal01,Alex Antetokounmpo,1610612749,MIL,Milwaukee Bucks,SF,,6-8,214,"August 27, 2001",R,
randlju01,Julius Randle,1610612750,MIN,Minnesota Timberwolves,PF,30,6-9,250,"November 29, 1994",11,Kentucky
reidna01,Naz Reid,1610612750,MIN,Minnesota Timberwolves,C,11,6-9,264,"August 26, 1999",6,LSU
divindo01,Donte DiVincenzo,1610612750,MIN,Minnesota Timberwolves,SG,0,6-4,203,"January 31, 1997",7,Villanova
mcdanja02,Jaden McDaniels,1610612750,MIN,Minnesota Timberwolves,PF,3,6-9,185,"September 29, 2000",5,Washington
goberru01,Rudy Gobert,1610612750,MIN,Minnesota Timberwolves,C,27,7-1,258,"June 26, 1992",12,
clarkja02,Jaylen Clark,1610612750,MIN,Minnesota Timberwolves,SG,22,6-5,205,"October 13, 2001",1,UCLA
hylanbo01,Bones Hyland,1610612750,MIN,Minnesota Timberwolves,PG,8,6-2,169,"September 14, 2000",4,VCU
edwaran01,Anthony Edwards,1610612750,MIN,Minnesota Timberwolves,SG,5,6-4,225,"August 5, 2001",5,Georgia
berinjo01,Joan Beringer,1610612750,MIN,Minnesota Timberwolves,PF,19,6-11,230,"November 11, 2006",R,
shannte01,Terrence Shannon Jr.,1610612750,MIN,Minnesota Timberwolves,SG,1,6-6,215,"July 30, 2000",1,"Texas Tech, Illinois"
juzanjo01,Johnny Juzang,1610612750,MIN,Minnesota Timberwolves,SG,9,6-7,226,"March 17, 2001",3,"Kentucky, UCLA"
inglejo01,Joe Ingles,1610612750,MIN,Minnesota Timberwolves,SF,7,6-8,220,"October 2, 1987",11,
dosunay01,Ayo Dosunmu,1610612750,MIN,Minnesota Timberwolves,SG,13,6-4,200,"January 17, 2000",4,Illinois
phillju01,Julian Phillips,1610612750,MIN,Minnesota Timberwolves,SF,4,6-6,198,"November 5, 2003",2,Tennessee
freemen01,Enrique Freeman,1610612750,MIN,Minnesota Timberwolves,PF,25,6-9,220,"July 29, 2000",1,University of Akron
zikarro01,Rocco Zikarsky,1610612750,MIN,Minnesota Timberwolves,C,,7-3,227,"July 11, 2006",R,
fearsje01,Jeremiah Fears,1610612740,NOP,New Orleans Pelicans,PG,0,6-3,190,"October 14, 2006",R,Oklahoma
queende01,Derik Queen,1610612740,NOP,New Orleans Pelicans,C,22,6-9,250,"December 27, 2004",R,Maryland
murphtr02,Trey Murphy III,1610612740,NOP,New Orleans Pelicans,SF,25,6-8,206,"June 18, 2000",4,"Rice University, Virginia"
beysa01,Saddiq Bey,1610612740,NOP,New Orleans Pelicans,SF,41,6-8,215,"April 9, 1999",4,Villanova
missiyv01,Yves Missi,1610612740,NOP,New Orleans Pelicans,C,21,6-11,235,"May 14, 2004",1,Baylor
peavymi01,Micah Peavy,1610612740,NOP,New Orleans Pelicans,SG,14,6-7,215,"July 16, 2001",R,"Texas Tech, TCU, Georgetown"
matkoka01,Karlo Matković,1610612740,NOP,New Orleans Pelicans,PF,17,6-10,231,"March 30, 2001",1,
willizi01,Zion Williamson,1610612740,NOP,New Orleans Pelicans,PF,1,6-6,284,"July 6, 2000",5,Duke
hawkijo01,Jordan Hawkins,1610612740,NOP,New Orleans Pelicans,SG,24,6-5,190,"April 29, 2002",2,UConn
joneshe01,Herbert Jones,1610612740,NOP,New Orleans Pelicans,SF,2,6-7,206,"October 6, 1998",4,Alabama
mcgowbr01,Bryce McGowens,1610612740,NOP,New Orleans Pelicans,SG,11,6-6,190,"November 8, 2002",3,Nebraska
poolejo01,Jordan Poole,1610612740,NOP,New Orleans Pelicans,PG,3,6-4,194,"June 19, 1999",6,Michigan
looneke01,Kevon Looney,1610612740,NOP,New Orleans Pelicans,C,55,6-9,222,"February 6, 1996",10,UCLA
alexatr01,Trey Alexander,1610612740,NOP,New Orleans Pelicans,SG,23,6-5,185,"May 2, 2003",1,Creighton
jordade01,DeAndre Jordan,1610612740,NOP,New Orleans Pelicans,C,9,6-11,265,"July 21, 1988",17,Texas A&M
dickihu01,Hunter Dickinson,1610612740,NOP,New Orleans Pelicans,C,4,7-1,255,"November 25, 2000",R,"Michigan, Kansas"
murrade01,Dejounte Murray,1610612740,NOP,New Orleans Pelicans,PG,,6-4,180,"September 19, 1996",8,Washington
bridgmi01,Mikal Bridges,1610612752,NYK,New York Knicks,SF,25,6-6,209,"August 30, 1996",7,Villanova
townska01,Karl-Anthony Towns,1610612752,NYK,New York Knicks,C,32,7-0,248,"November 15, 1995",10,Kentucky
clarkjo01,Jordan Clarkson,1610612752,NYK,New York Knicks,SG,00,6-5,194,"June 7, 1992",11,"Tulsa, Missouri"
brunsja01,Jalen Brunson,1610612752,NYK,New York Knicks,PG,11,6-2,190,"August 31, 1996",7,Villanova
kolekty01,Tyler Kolek,1610612752,NYK,New York Knicks,PG,13,6-2,195,"March 27, 2001",1,"George Mason, Marquette"
diawamo01,Mohamed Diawara,1610612752,NYK,New York Knicks,SF,51,6-9,225,"April 29, 2005",R,
hartjo01,Josh Hart,1610612752,NYK,New York Knicks,SF,3,6-5,215,"March 6, 1995",8,Villanova
anunoog01,OG Anunoby,1610612752,NYK,New York Knicks,PF,8,6-7,240,"July 17, 1997",8,Indiana
robinmi01,Mitchell Robinson,1610612752,NYK,New York Knicks,C,23,7-0,240,"April 1, 1998",7,Western Kentucky
hukpoar01,Ariel Hukporti,1610612752,NYK,New York Knicks,C,55,7-0,246,"April 11, 2002",1,
mcbrimi01,Miles McBride,1610612752,NYK,New York Knicks,SG,2,6-2,195,"September 8, 2000",4,West Virginia
shamela01,Landry Shamet,1610612752,NYK,New York Knicks,SG,44,6-5,190,"March 13, 1997",7,Wichita State
dadiepa01,Pacome Dadiet,1610612752,NYK,New York Knicks,SG,4,6-9,210,"July 27, 2005",1,
mcculke01,Kevin McCullar Jr.,1610612752,NYK,New York Knicks,SF,9,6-6,210,"March 15, 2001",1,"Texas Tech, Kansas"
jemistr01,Trey Jemison,1610612752,NYK,New York Knicks,C,50,6-10,270,"November 28, 1999",2,"Clemson, UAB"
jonesdi01,Dillon Jones,1610612752,NYK,New York Knicks,SF,1,6-5,235,"October 29, 2001",1,Weber State
alvarjo01,Jose Alvarado,1610612752,NYK,New York Knicks,PG,5,6-0,179,"April 12, 1998",4,Georgia Tech
wallaca01,Cason Wallace,1610612760,OKC,Oklahoma City Thunder,SG,22,6-3,195,"November 7, 2003",2,Kentucky
gilgesh01,Shai Gilgeous-Alexander,1610612760,OKC,Oklahoma City Thunder,PG,2,6-6,195,"July 12, 1998",7,Kentucky
holmgch01,Chet Holmgren,1610612760,OKC,Oklahoma City Thunder,PF,7,7-1,208,"May 1, 2002",2,Gonzaga
joeis01,Isaiah Joe,1610612760,OKC,Oklahoma City Thunder,SG,11,6-4,165,"July 2, 1999",5,Arkansas
mitchaj01,Ajay Mitchell,1610612760,OKC,Oklahoma City Thunder,SG,25,6-4,190,"June 25, 2002",1,UC Santa Barbara
dortlu01,Luguentz Dort,1610612760,OKC,Oklahoma City Thunder,SF,5,6-4,220,"April 19, 1999",6,Arizona State
wiggiaa01,Aaron Wiggins,1610612760,OKC,Oklahoma City Thunder,SG,21,6-5,190,"January 2, 1999",4,Maryland
willija07,Jaylin Williams,1610612760,OKC,Oklahoma City Thunder,PF,6,6-9,240,"June 29, 2002",3,Arkansas
carusal01,Alex Caruso,1610612760,OKC,Oklahoma City Thunder,SG,9,6-5,186,"February 28, 1994",8,Texas A&M
willike04,Kenrich Williams,1610612760,OKC,Oklahoma City Thunder,PF,34,6-7,210,"December 2, 1994",7,TCU
carlsbr01,Branden Carlson,1610612760,OKC,Oklahoma City Thunder,C,15,7-0,220,"June 14, 1999",1,Utah
harteis01,Isaiah Hartenstein,1610612760,OKC,Oklahoma City Thunder,C,55,7-0,250,"May 5, 1998",7,
barnhbr01,Brooks Barnhizer,1610612760,OKC,Oklahoma City Thunder,SG,23,6-5,230,"March 2, 2002",R,Northwestern
willija06,Jalen Williams,1610612760,OKC,Oklahoma City Thunder,SG,8,6-5,211,"April 14, 2001",3,Santa Clara
mccaija01,Jared McCain,1610612760,OKC,Oklahoma City Thunder,SG,3,6-3,195,"February 20, 2004",1,Duke
sorbeth01,Thomas Sorber,1610612760,OKC,Oklahoma City Thunder,C,,6-9,250,"December 25, 2005",R,Georgetown
topicni01,Nikola Topić,1610612760,OKC,Oklahoma City Thunder,PG,,6-6,200,"August 10, 2005",R,
boehebu01,Buddy Boeheim,1610612760,OKC,Oklahoma City Thunder,SF,,6-5,205,"November 11, 1999",2,Syracuse
banede01,Desmond Bane,1610612753,ORL,Orlando Magic,SG,3,6-6,215,"June 25, 1998",5,TCU
blackan01,Anthony Black,1610612753,ORL,Orlando Magic,PG,0,6-7,200,"January 20, 2004",2,Arkansas
cartewe01,Wendell Carter Jr.,1610612753,ORL,Orlando Magic,C,34,6-10,270,"April 16, 1999",7,Duke
dasiltr01,Tristan Da Silva,1610612753,ORL,Orlando Magic,SF,23,6-8,217,"May 15, 2001",1,Colorado
isaacjo01,Jonathan Isaac,1610612753,ORL,Orlando Magic,PF,1,6-10,230,"October 3, 1997",6,Florida State
banchpa01,Paolo Banchero,1610612753,ORL,Orlando Magic,PF,5,6-10,250,"November 12, 2002",3,Duke
bitadgo01,Goga Bitadze,1610612753,ORL,Orlando Magic,C,35,6-11,250,"July 20, 1999",6,
richaja02,Jase Richardson,1610612753,ORL,Orlando Magic,SG,11,6-1,180,"October 16, 2005",R,Michigan State
pendano01,Noah Penda,1610612753,ORL,Orlando Magic,SF,93,6-7,215,"January 7, 2005",R,
howarje01,Jett Howard,1610612753,ORL,Orlando Magic,SF,13,6-8,215,"September 14, 2003",2,Michigan
suggsja01,Jalen Suggs,1610612753,ORL,Orlando Magic,PG,4,6-5,205,"June 3, 2001",4,Gonzaga
wagnefr01,Franz Wagner,1610612753,ORL,Orlando Magic,SF,22,6-10,220,"August 27, 2001",4,Michigan
cainja01,Jamal Cain,1610612753,ORL,Orlando Magic,SF,8,6-7,191,"March 20, 1999",3,"Marquette, Oakland"
wagnemo01,Moritz Wagner,1610612753,ORL,Orlando Magic,C,21,6-11,245,"April 26, 1997",7,Michigan
robinor01,Orlando Robinson,1610612753,ORL,Orlando Magic,C,7,6-10,235,"July 10, 2000",3,Fresno State
carteje01,Jevon Carter,1610612753,ORL,Orlando Magic,PG,2,6-0,200,"September 14, 1995",7,West Virginia
castlco01,Colin Castleton,1610612753,ORL,Orlando Magic,C,,6-10,250,"May 25, 2000",2,"Michigan, Florida"
maxeyty01,Tyrese Maxey,1610612755,PHI,Philadelphia 76ers,PG,0,6-2,200,"November 4, 2000",5,Kentucky
edgecvj01,VJ Edgecombe,1610612755,PHI,Philadelphia 76ers,SG,77,6-4,180,"July 30, 2005",R,Baylor
grimequ01,Quentin Grimes,1610612755,PHI,Philadelphia 76ers,SG,5,6-4,210,"May 8, 2000",4,"Kansas, Houston"
walkeja01,Jabari Walker,1610612755,PHI,Philadelphia 76ers,PF,33,6-7,237,"July 30, 2002",3,Colorado
bonaad01,Adem Bona,1610612755,PHI,Philadelphia 76ers,C,30,6-10,235,"March 28, 2003",1,UCLA
barlodo01,Dominick Barlow,1610612755,PHI,Philadelphia 76ers,PF,25,6-9,215,"May 26, 2003",3,
edwarju01,Justin Edwards,1610612755,PHI,Philadelphia 76ers,SF,11,6-7,203,"December 16, 2003",1,Kentucky
drumman01,Andre Drummond,1610612755,PHI,Philadelphia 76ers,C,1,6-11,279,"August 10, 1993",13,UConn
embiijo01,Joel Embiid,1610612755,PHI,Philadelphia 76ers,C,21,7-0,280,"March 16, 1994",9,Kansas
oubreke01,Kelly Oubre Jr.,1610612755,PHI,Philadelphia 76ers,SF,9,6-8,203,"December 9, 1995",10,Kansas
watfotr01,Trendon Watford,1610612755,PHI,Philadelphia 76ers,PF,12,6-8,237,"November 9, 2000",4,LSU
georgpa01,Paul George,1610612755,PHI,Philadelphia 76ers,PF,8,6-8,220,"May 2, 1990",15,Fresno State
broomjo01,Johni Broome,1610612755,PHI,Philadelphia 76ers,C,22,6-10,235,"July 19, 2002",R,"Morehead State University, Auburn"
lowryky01,Kyle Lowry,1610612755,PHI,Philadelphia 76ers,PG,7,6-0,196,"March 25, 1986",19,Villanova
beaucma01,MarJon Beauchamp,1610612755,PHI,Philadelphia 76ers,SF,16,6-7,199,"October 12, 2000",3,Yakima Valley Community College
baldwpa01,Patrick Baldwin Jr.,1610612755,PHI,Philadelphia 76ers,SF,35,7-0,220,"November 18, 2002",3,UW-Milwaukee
bassech01,Charles Bassey,1610612755,PHI,Philadelphia 76ers,C,,6-10,230,"October 28, 2000",4,Western Kentucky
onealro01,Royce O'Neale,1610612756,PHO,Phoenix Suns,SF,00,6-6,226,"June 5, 1993",8,"Denver, Baylor"
ighodos01,Oso Ighodaro,1610612756,PHO,Phoenix Suns,PF,11,6-11,235,"July 14, 2002",1,Marquette
gilleco01,Collin Gillespie,1610612756,PHO,Phoenix Suns,PG,12,6-1,195,"June 25, 1999",2,Villanova
goodwjo01,Jordan Goodwin,1610612756,PHO,Phoenix Suns,PG,23,6-3,215,"October 23, 1998",4,Saint Louis
willima07,Mark Williams,1610612756,PHO,Phoenix Suns,C,15,7-1,240,"December 16, 2001",3,Duke
brookdi01,Dillon Brooks,1610612756,PHO,Phoenix Suns,SF,3,6-7,225,"January 22, 1996",8,Oregon
dunnry01,Ryan Dunn,1610612756,PHO,Phoenix Suns,SF,0,6-7,216,"January 7, 2003",1,Virginia
bookede01,Devin Booker,1610612756,PHO,Phoenix Suns,SG,1,6-5,206,"October 30, 1996",10,Kentucky
allengr01,Grayson Allen,1610612756,PHO,Phoenix Suns,SG,8,6-3,198,"October 8, 1995",7,Duke
flemira01,Rasheer Fleming,1610612756,PHO,Phoenix Suns,PF,20,6-9,240,"July 10, 2004",R,Saint Joseph's
liveris01,Isaiah Livers,1610612756,PHO,Phoenix Suns,PF,18,6-6,232,"July 28, 1998",3,Michigan
bouyeja01,Jamaree Bouyea,1610612756,PHO,Phoenix Suns,PG,17,6-2,180,"June 27, 1999",3,San Francisco
maluakh01,Khaman Maluach,1610612756,PHO,Phoenix Suns,C,10,7-1,250,"September 14, 2006",R,Duke
greenja05,Jalen Green,1610612756,PHO,Phoenix Suns,SG,4,6-4,186,"February 9, 2002",4,
breako01,Koby Brea,1610612756,PHO,Phoenix Suns,SG,14,6-5,215,"November 6, 2002",R,"Dayton, Kentucky"
coffeam01,Amir Coffey,1610612756,PHO,Phoenix Suns,SG,2,6-7,210,"June 17, 1997",6,Minnesota
anthoco01,Cole Anthony,1610612756,PHO,Phoenix Suns,PG,,6-2,185,"May 15, 2000",5,UNC
camarto01,Toumani Camara,1610612757,POR,Portland Trail Blazers,PF,33,6-7,230,"May 8, 2000",2,"Georgia, Dayton"
clingdo01,Donovan Clingan,1610612757,POR,Portland Trail Blazers,C,23,7-2,280,"February 23, 2004",1,UConn
cissosi01,Sidy Cissoko,1610612757,POR,Portland Trail Blazers,SF,91,6-6,220,"April 2, 2004",2,
sharpsh01,Shaedon Sharpe,1610612757,POR,Portland Trail Blazers,SG,17,6-5,210,"May 30, 2003",3,Kentucky
ruperra01,Rayan Rupert,1610612757,POR,Portland Trail Blazers,SG,21,6-7,205,"May 31, 2004",2,
avdijde01,Deni Avdija,1610612757,POR,Portland Trail Blazers,SF,8,6-8,228,"January 3, 2001",5,
loveca01,Caleb Love,1610612757,POR,Portland Trail Blazers,SG,2,6-3,212,"September 27, 2001",R,"UNC, Arizona"
grantje01,Jerami Grant,1610612757,POR,Portland Trail Blazers,PF,9,6-7,213,"March 12, 1994",11,Syracuse
williro04,Robert Williams,1610612757,POR,Portland Trail Blazers,C,35,6-9,249,"October 17, 1997",7,Texas A&M
murrakr01,Kris Murray,1610612757,POR,Portland Trail Blazers,SF,24,6-8,218,"August 19, 2000",2,Iowa
yangha01,Yang Hansen,1610612757,POR,Portland Trail Blazers,C,16,7-1,270,"June 26, 2005",R,
holidjr01,Jrue Holiday,1610612757,POR,Portland Trail Blazers,PG,5,6-4,220,"June 12, 1990",16,UCLA
cookeja01,Javonte Cooke,1610612757,POR,Portland Trail Blazers,SG,18,6-6,185,"July 11, 1999",R,"University of South Carolina Aiken, Mars Hill University, Winston-Salem State"
weslebl01,Blake Wesley,1610612757,POR,Portland Trail Blazers,SG,1,6-4,190,"March 16, 2003",3,Notre Dame
krejcvi01,Vit Krejci,1610612757,POR,Portland Trail Blazers,PG,27,6-8,195,"June 19, 2000",4,
thybuma01,Matisse Thybulle,1610612757,POR,Portland Trail Blazers,SG,4,6-5,202,"March 4, 1997",6,Washington
hendesc01,Scoot Henderson,1610612757,POR,Portland Trail Blazers,PG,00,6-3,207,"February 3, 2004",2,
lillada01,Damian Lillard,1610612757,POR,Portland Trail Blazers,PG,,6-2,200,"July 15, 1990",13,Weber State
derozde01,DeMar DeRozan,1610612758,SAC,Sacramento Kings,PF,10,6-6,220,"August 7, 1989",16,USC
westbru01,Russell Westbrook,1610612758,SAC,Sacramento Kings,SF,18,6-4,200,"November 12, 1988",17,UCLA
cliffni01,Nique Clifford,1610612758,SAC,Sacramento Kings,SG,5,6-5,175,"February 9, 2002",R,"Colorado, Colorado State"
raynama01,Maxime Raynaud,1610612758,SAC,Sacramento Kings,C,42,7-1,250,"April 7, 2003",R,Stanford
achiupr01,Precious Achiuwa,1610612758,SAC,Sacramento Kings,C,9,6-8,243,"September 19, 1999",5,Memphis
monkma01,Malik Monk,1610612758,SAC,Sacramento Kings,SG,0,6-3,200,"February 4, 1998",8,Kentucky
lavinza01,Zach LaVine,1610612758,SAC,Sacramento Kings,SG,8,6-5,200,"March 10, 1995",11,UCLA
eubandr01,Drew Eubanks,1610612758,SAC,Sacramento Kings,C,19,6-10,245,"February 1, 1997",7,Oregon State
cardwdy01,Dylan Cardwell,1610612758,SAC,Sacramento Kings,C,32,6-10,255,"December 16, 2001",R,Auburn
sabondo01,Domantas Sabonis,1610612758,SAC,Sacramento Kings,C,11,6-10,240,"May 3, 1996",9,Gonzaga
murrake02,Keegan Murray,1610612758,SAC,Sacramento Kings,PF,13,6-8,225,"August 19, 2000",3,Iowa
cartede02,Devin Carter,1610612758,SAC,Sacramento Kings,PG,22,6-2,195,"March 18, 2002",1,"South Carolina, Providence"
mcderdo01,Doug McDermott,1610612758,SAC,Sacramento Kings,SF,7,6-7,225,"January 3, 1992",11,Creighton
plowdda01,Daeqwon Plowden,1610612758,SAC,Sacramento Kings,SG,29,6-4,216,"August 29, 1998",1,Bowling Green
huntede01,De'Andre Hunter,1610612758,SAC,Sacramento Kings,SF,15,6-7,221,"December 2, 1997",6,Virginia
steveis01,Isaiah Stevens,1610612758,SAC,Sacramento Kings,PG,24,5-11,185,"November 1, 2000",1,Colorado State
johnske04,Keldon Johnson,1610612759,SAS,San Antonio Spurs,SF,3,6-6,220,"October 11, 1999",6,Kentucky
champju02,Julian Champagnie,1610612759,SAS,San Antonio Spurs,SF,30,6-7,217,"June 29, 2001",3,St. John's
barneha02,Harrison Barnes,1610612759,SAS,San Antonio Spurs,PF,40,6-7,225,"May 30, 1992",13,UNC
foxde01,De'Aaron Fox,1610612759,SAS,San Antonio Spurs,PG,4,6-3,185,"December 20, 1997",8,Kentucky
castlst01,Stephon Castle,1610612759,SAS,San Antonio Spurs,PG,5,6-6,215,"November 1, 2004",1,UConn
kornelu01,Luke Kornet,1610612759,SAS,San Antonio Spurs,C,7,7-1,250,"July 15, 1995",8,Vanderbilt
harpedy01,Dylan Harper,1610612759,SAS,San Antonio Spurs,SG,2,6-5,215,"March 2, 2006",R,Rutgers University
bryanca01,Carter Bryant,1610612759,SAS,San Antonio Spurs,PF,11,6-6,220,"November 26, 2005",R,Arizona
vassede01,Devin Vassell,1610612759,SAS,San Antonio Spurs,SG,24,6-5,200,"August 23, 2000",5,Florida State
wembavi01,Victor Wembanyama,1610612759,SAS,San Antonio Spurs,C,1,7-4,235,"January 4, 2004",2,
olynyke01,Kelly Olynyk,1610612759,SAS,San Antonio Spurs,C,8,7-0,240,"April 19, 1991",12,Gonzaga
sochaje01,Jeremy Sochan,1610612759,SAS,San Antonio Spurs,PF,10,6-8,230,"May 20, 2003",3,Baylor
waterli01,Lindy Waters III,1610612759,SAS,San Antonio Spurs,SG,43,6-5,210,"July 28, 1997",4,Oklahoma State
mclaujo01,Jordan McLaughlin,1610612759,SAS,San Antonio Spurs,PG,0,5-11,185,"April 9, 1996",6,USC
biyombi01,Bismack Biyombo,1610612759,SAS,San Antonio Spurs,C,18,6-8,255,"August 28, 1992",14,
jonesda06,David Jones García,1610612759,SAS,San Antonio Spurs,SF,25,6-4,210,"November 24, 2001",R,"DePaul, St. John's, Memphis"
ingraha01,Harrison Ingram,1610612759,SAS,San Antonio Spurs,SF,55,6-5,230,"November 27, 2002",1,"Stanford, UNC"
umudest01,Stanley Umude,1610612759,SAS,San Antonio Spurs,SG,17,6-6,210,"April 12, 1999",3,"South Dakota, Arkansas"
sheadja01,Jamal Shead,1610612761,TOR,Toronto Raptors,PG,23,6-1,200,"June 24, 2002",1,Houston
dickgr01,Gradey Dick,1610612761,TOR,Toronto Raptors,SG,1,6-7,200,"November 20, 2003",2,Kansas
barnesc01,Scottie Barnes,1610612761,TOR,Toronto Raptors,PF,4,6-8,237,"August 1, 2001",4,Florida State
ingrabr01,Brandon Ingram,1610612761,TOR,Toronto Raptors,SF,3,6-8,190,"September 2, 1997",9,Duke
mamuksa01,Sandro Mamukelashvili,1610612761,TOR,Toronto Raptors,C,54,6-9,240,"May 23, 1999",4,Seton Hall
quickim01,Immanuel Quickley,1610612761,TOR,Toronto Raptors,PG,5,6-2,190,"June 17, 1999",5,Kentucky
walteja01,Ja'Kobe Walter,1610612761,TOR,Toronto Raptors,SG,14,6-4,180,"September 4, 2004",1,Baylor
murraco01,Collin Murray-Boyles,1610612761,TOR,Toronto Raptors,PF,12,6-7,245,"June 10, 2005",R,South Carolina
battlja01,Jamison Battle,1610612761,TOR,Toronto Raptors,SF,77,6-7,220,"May 10, 2001",1,"George Washington, Minnesota, Ohio State"
barrerj01,RJ Barrett,1610612761,TOR,Toronto Raptors,SF,9,6-6,214,"June 14, 2000",6,Duke
mogbojo01,Jonathan Mogbo,1610612761,TOR,Toronto Raptors,PF,2,6-9,225,"October 29, 2001",1,"Missouri State, San Francisco"
poeltja01,Jakob Poeltl,1610612761,TOR,Toronto Raptors,C,19,7-0,253,"October 15, 1995",9,Utah
lawsoaj01,A.J. Lawson,1610612761,TOR,Toronto Raptors,SG,0,6-6,179,"July 15, 2000",3,South Carolina
templga01,Garrett Temple,1610612761,TOR,Toronto Raptors,SG,17,6-5,195,"May 8, 1986",15,LSU
martial01,Alijah Martin,1610612761,TOR,Toronto Raptors,SG,55,6-2,210,"December 26, 2001",R,"Florida Atlantic University, Florida"
hepbuch01,Chucky Hepburn,1610612761,TOR,Toronto Raptors,PG,24,6-0,190,"February 9, 2003",R,"Wisconsin, Louisville"
jackstr02,Trayce Jackson-Davis,1610612761,TOR,Toronto Raptors,C,32,6-9,245,"February 22, 2000",2,Indiana
paulch01,Chris Paul,1610612761,TOR,Toronto Raptors,G,,6-0,175,"May 6, 1985",20,Wake Forest
filipky01,Kyle Filipowski,1610612762,UTA,Utah Jazz,C,22,6-11,250,"November 7, 2003",1,Duke
sensabr01,Brice Sensabaugh,1610612762,UTA,Utah Jazz,SF,28,6-6,235,"October 30, 2003",2,Ohio State
georgke01,Keyonte George,1610612762,UTA,Utah Jazz,PG,3,6-4,185,"November 8, 2003",2,Baylor
baileac01,Ace Bailey,1610612762,UTA,Utah Jazz,SF,19,6-9,200,"August 13, 2006",R,Rutgers University
colliis01,Isaiah Collier,1610612762,UTA,Utah Jazz,PG,8,6-4,210,"October 8, 2004",1,USC
mykhasv01,Svi Mykhailiuk,1610612762,UTA,Utah Jazz,SF,10,6-7,205,"June 10, 1997",7,Kansas
markkla01,Lauri Markkanen,1610612762,UTA,Utah Jazz,PF,23,7-1,240,"May 22, 1997",8,Arizona
nurkiju01,Jusuf Nurkić,1610612762,UTA,Utah Jazz,C,30,6-11,290,"August 23, 1994",11,
willico04,Cody Williams,1610612762,UTA,Utah Jazz,SG,5,6-8,190,"November 20, 2004",1,Colorado
loveke01,Kevin Love,1610612762,UTA,Utah Jazz,PF,42,6-10,251,"September 7, 1988",17,UCLA
harklej01,Elijah Harkless,1610612762,UTA,Utah Jazz,SG,16,6-3,195,"February 3, 2000",1,"Cal State Northridge, Oklahoma, UNLV"
kesslwa01,Walker Kessler,1610612762,UTA,Utah Jazz,C,24,7-2,245,"July 26, 2001",3,"UNC, Auburn"
jacksja02,Jaren Jackson Jr.,1610612762,UTA,Utah Jazz,C,20,6-10,242,"September 15, 1999",7,Michigan State
tshieos01,Oscar Tshiebwe,1610612762,UTA,Utah Jazz,C,34,6-8,255,"November 27, 1999",2,"West Virginia, Kentucky"
willivi01,Vince Williams Jr.,1610612762,UTA,Utah Jazz,SG,0,6-4,205,"August 30, 2000",3,VCU
konchjo01,John Konchar,1610612762,UTA,Utah Jazz,SG,55,6-5,210,"March 22, 1996",6,Purdue-Fort Wayne
tonjejo01,John Tonje,1610612762,UTA,Utah Jazz,SG,,6-4,218,"April 23, 2001",R,"Colorado State, Missouri, Wisconsin"
hinsobl01,Blake Hinson,1610612762,UTA,Utah Jazz,SF,,6-8,240,"December 26, 1999",R,"Ole Miss, Iowa State, Pitt"
carrica01,Bub Carrington,1610612764,WAS,Washington Wizards,PG,7,6-4,190,"July 21, 2005",1,Pitt
champju01,Justin Champagnie,1610612764,WAS,Washington Wizards,SF,9,6-6,206,"June 29, 2001",4,Pitt
rileywi01,Will Riley,1610612764,WAS,Washington Wizards,SF,27,6-9,180,"February 10, 2006",R,Illinois
georgky01,Kyshawn George,1610612764,WAS,Washington Wizards,SF,18,6-8,200,"December 12, 2003",1,Miami (FL)
sarral01,Alex Sarr,1610612764,WAS,Washington Wizards,C,20,7-0,205,"April 26, 2005",1,
johnstr03,Tre Johnson,1610612764,WAS,Washington Wizards,SG,12,6-5,190,"March 7, 2006",R,Texas
vukcetr01,Tristan Vukcevic,1610612764,WAS,Washington Wizards,C,00,7-0,220,"March 11, 2003",2,
coulibi01,Bilal Coulibaly,1610612764,WAS,Washington Wizards,SG,0,6-7,195,"July 26, 2004",2,
gillan01,Anthony Gill,1610612764,WAS,Washington Wizards,PF,16,6-7,230,"October 17, 1992",5,"South Carolina, Virginia"
watkija01,Jamir Watkins,1610612764,WAS,Washington Wizards,SG,5,6-6,210,"July 6, 2001",R,"VCU, Florida State"
whitmca01,Cam Whitmore,1610612764,WAS,Washington Wizards,SF,1,6-6,230,"July 8, 2004",2,Villanova
coopesh01,Sharife Cooper,1610612764,WAS,Washington Wizards,PG,13,6-0,176,"June 11, 2001",1,Auburn
gilbeke01,Keshon Gilbert,1610612764,WAS,Washington Wizards,G,55,6-4,200,"June 30, 2003",R,"UNLV, Iowa State"
russeda01,D'Angelo Russell,1610612764,WAS,Washington Wizards,PG,,6-3,193,"February 23, 1996",10,Ohio State
hardyja02,Jaden Hardy,1610612764,WAS,Washington Wizards,SG,,6-3,198,"July 5, 2002",3,
davisan02,Anthony Davis,1610612764,WAS,Washington Wizards,PF,,6-10,253,"March 11, 1993",13,Kentucky
youngtr01,Trae Young,1610612764,WAS,Washington Wizards,PG,,6-2,164,"September 19, 1998",7,Oklahoma
